{
	"label": "AMPS",
	"routerLink": ["webView/Avf"],
	"html": "javascript:;",
	"id": "home",
	"items": [{
		"label": "System",
		"routerLink": ["webView/AmpsSystem"],
		"html": "cws/avf/FreeForm/FreeFormSystemSettings.html",
		"id": "SystemSetup"
	},
	{
		"label": "External",
		"routerLink": ["webView/AmpsExternal"],
		"html": "cws/avf/FreeForm/FreeFormExternalSettings.html",
		"id": "External"
	},
	{
		"label": "Video Display",
		"routerLink": ["webView/AmpsVideoDisplay"],
		"html": "cws/avf/FreeForm/FreeFormDisplayDriver.html",
		"id": "VideoDisplay"
	},
	{
		"label": "Front",
		"html": "javascript:;",
		"id": "Front",
		"items": [{
			"label": "UX General Customization",
			"routerLink": ["webView/AmpsUXGeneralCustomization"],
			"html": "cws/avf/FreeForm/FreeFormUXGeneralCustomization.html",
			"id": "FreeFormUXGeneralCustomization"
		},
		{
			"label": "Presentation Screen",
			"routerLink": ["webView/AmpsPresentationScreen"],
			"html": "cws/avf/FreeForm/FreeFormPresentationScreenSettings.html",
			"id": "PresentationScreenSettings"
		},
		{
			"label": "Room Schedule Screen",
			"routerLink": ["webView/AmpsRoomScheduleScreen"],
			"html": "cws/avf/FreeForm/FreeFormRoomScheduleScreenCustomization.html",
			"id": "RoomScheduleScreen"
		}]
	},
	{
		"label": "Manage",
		"routerLink": ["webView/AmpsManage"],
		"html": "cws/avf/FreeForm/FreeFormManagesSettings.html",
		"id": "Manage"
	},
	{
		"label": "Log",
		"routerLink": ["webView/AmpsLog"],
		"html": "cws/avf/FreeForm/FreeFormActivityLog.html",
		"id": "Log"
	}]
}