{
    "label": "AVF",
	"routerLink": ["webView/Avf"],
    "html": "javascript:;",
    "id": "home",
    "items": [
				{
			  "label": "System",
			  "routerLink": ["webView/MercurySystem"],
			  "html": "cws/avf/Mercury/MercurySystemSettings.html",
			  "id": "SystemSetup"
			},
			{
			  "label": "External",
			  "routerLink": ["webView/MercuryExternal"],
			  "html": "cws/avf/Mercury/MercuryExternalSettings.html",
			  "id": "External"
			},
		    {
			  "label": "Dialer",
			  "routerLink": ["webView/MercuryDialer"],
			  "html": "cws/avf/Mercury/MercuryDialerSettings.html",
			  "id": "Dialer"
			},
			{
			  "label": "Video Display",
			  "routerLink": ["webView/MercuryVideoDisplay"],
			  "html": "cws/avf/Mercury/MercuryDisplayDriver.html",
			  "id": "VideoDisplay"
			},
			{
				"label": "Front",
				"html": "javascript:;",
				"id": "Front",
				"items": [
						{
						  "label": "UX General Customization",
						  "routerLink": ["webView/MercuryUXGeneralCustomization"],
						  "html": "cws/avf/Mercury/MercuryUXGeneralCustomization.html",
						  "id": "MercuryUXGeneralCustomization"
						},
						{

						  "label": "Presentation Screen",
						  "routerLink": ["webView/MercuryPresentationScreen"],
						  "html": "cws/avf/Mercury/MercuryPresentationScreenSettings.html",
						  "id": "PresentationScreenSettings"
						}
						,
						{

						  "label": "Room Schedule Screen",
						  "routerLink": ["webView/MercuryRoomScheduleScreen"],
						  "html": "cws/avf/Mercury/MercuryRoomScheduleScreenCustomization.html",
						  "id": "RoomScheduleScreen"
						}
						 ]
			},
			{
			  "label": "Manage",
			  "routerLink": ["webView/MercuryManage"],
			  "html": "cws/avf/Mercury/MercuryManagesSettings.html",
			  "id": "Manage"
			},
			{
			  "label": "Log",
			  "routerLink": ["webView/MercuryLog"],
			  "html": "cws/avf/Mercury/MercuryActivityLog.html",
			  "id": "Log"
			}
    ]
}
